shm,
0.000208,
0.000174,
0.000140,
0.000105,
0.000201,
0.000111,
0.000223,
0.000192,
0.000173,
0.000112,
0.000187,
0.000173,
0.000197,
0.000168,
0.000204,
0.000200,
0.000198,
0.000172,
0.000130,
0.000191,
0.001048,
0.002100,
0.002111,
0.001779,
0.002322,
0.001228,
0.001796,
0.001675,
0.002623,
0.001695,
