fifo,
0.000209,
0.000201,
0.000194,
0.000280,
0.000270,
0.000341,
0.000272,
0.000372,
0.000241,
0.000185,
0.000251,
0.000231,
0.000360,
0.000246,
0.000343,
0.000255,
0.000224,
0.000373,
0.000281,
0.000295,
0.000804,
0.002647,
0.001659,
0.002573,
0.001987,
0.001731,
0.001643,
0.002325,
0.002027,
0.002396,
